work_pattern,required_classes,min_people,required_days,comment
подготовка территории,excavator:1;dump_truck:1,2,3,расчистка и временные дороги
разработка котлована,excavator:1;dump_truck:1,2,3,разработка грунта и вывоз
щебёночная подготовка,dump_truck:1;excavator:1,2,1,отсыпка и планировка основания
свайные работы,crane:1,3,4,бурение и погружение свай
армирование фундамента,crane:1,4,4,подача и вязка арматурных каркасов
бетонирование фундамента,concrete_pump:1;mixer_truck:1,4,1,подача бетонной смеси
обратная засыпка,excavator:1;dump_truck:1,2,2,засыпка пазух и планировка
монолитный каркас,crane:1;concrete_pump:1,6,5,опалубка армирование бетонирование по этажам
устройство фундаментной плиты,crane:1;concrete_pump:1,4,5,опалубка армирование бетонирование плиты
